,tv_show,16,18,35,37,80,878,9648,10751,10759,10762,10763,10764,10765,10766,10767,10768,user,rating,id_y
0,Invincible,1,1,0,0,0,0,0,0,1,0,0,0,1,0,0,0,ChrisSawin,10.0,6058917c5c071b00546ccab3
1,The Flash,0,1,0,0,0,0,0,0,0,0,0,0,1,0,0,0,Tanasia,7.617940199335548,5f98b89877e1f600358ada9f
2,The Flash,0,1,0,0,0,0,0,0,0,0,0,0,1,0,0,0,BruhDev,7.617940199335548,605e5e40d2f5b500286aa8ed
3,The Good Doctor,0,1,0,0,0,0,0,0,0,0,0,0,0,0,0,0,drtvnut89,10.0,5a0a07c192514131210073ec
4,The Handmaid's Tale,0,1,0,0,0,0,0,0,0,0,0,0,1,0,0,0,Rangan,7.617940199335548,59bd8f6b92514135510185ab
5,The Handmaid's Tale,0,1,0,0,0,0,0,0,0,0,0,0,1,0,0,0,SneekyNuts,7.617940199335548,5b3e188f0e0a261682009798
6,The Handmaid's Tale,0,1,0,0,0,0,0,0,0,0,0,0,1,0,0,0,MovieGuys,7.617940199335548,5df991c2be2d4900175195fa
7,The Handmaid's Tale,0,1,0,0,0,0,0,0,0,0,0,0,1,0,0,0,Peter89Spencer,7.617940199335548,5e64bb0a151c5c0017ff4b42
8,Grey's Anatomy,0,1,0,0,0,0,0,0,0,0,0,0,0,0,0,0,retratodeumajovememchamas,1.0,5e1d27a012b10e0014947f4d
9,Lucifer,0,0,0,0,1,0,0,0,0,0,0,0,1,0,0,0,Rangan,7.617940199335548,59ac9ea4c3a3682cc80389e0
10,Lucifer,0,0,0,0,1,0,0,0,0,0,0,0,1,0,0,0,Godhand,7.617940199335548,5f4625992da84600333a1a51
11,Riverdale,0,1,0,0,1,0,1,0,0,0,0,0,0,0,0,0,TrentTX,10.0,58eeccc4c3a3686068002377
12,Riverdale,0,1,0,0,1,0,1,0,0,0,0,0,0,0,0,0,wan_,5.0,5c3019c1c3a36879cfa3c01c
13,Riverdale,0,1,0,0,1,0,1,0,0,0,0,0,0,0,0,0,tmdbsom,5.0,5f66370edbcade0036245be1
14,Game of Thrones,0,1,0,0,0,0,0,0,1,0,0,0,1,0,0,0,lmao7,9.0,58aa82f09251416f92006a3a
15,Game of Thrones,0,1,0,0,0,0,0,0,1,0,0,0,1,0,0,0,PresidentPutin,9.0,5913e02fc3a3683a93004984
16,Game of Thrones,0,1,0,0,0,0,0,0,1,0,0,0,1,0,0,0,tmdb92828292,10.0,5b7f57499251416c89002511
17,Game of Thrones,0,1,0,0,0,0,0,0,1,0,0,0,1,0,0,0,NegatioN,5.0,5cd9b46cc3a3680fd4c0853c
18,Game of Thrones,0,1,0,0,0,0,0,0,1,0,0,0,1,0,0,0,Ditendra,3.0,5cf65dfec3a3685c0824ba8b
19,Game of Thrones,0,1,0,0,0,0,0,0,1,0,0,0,1,0,0,0,Peter89Spencer,9.0,5e4d1abf1e9225001dc8aab5
20,Game of Thrones,0,1,0,0,0,0,0,0,1,0,0,0,1,0,0,0,narrator56,5.0,5f6c74c8cee2f600353b9b59
21,Game of Thrones,0,1,0,0,0,0,0,0,1,0,0,0,1,0,0,0,Dvir971,10.0,5fcb515b8261ee00414024d9
22,Van Helsing,0,0,0,0,0,0,1,0,1,0,0,0,1,0,0,0,YouShouldKnow,3.0,5c25532cc3a3680a3aea2c10
23,Fear the Walking Dead,0,1,0,0,0,0,0,0,1,0,0,0,0,0,0,0,Ditendra,3.0,5d63e84caafebd0019a71b10
24,Fear the Walking Dead,0,1,0,0,0,0,0,0,1,0,0,0,0,0,0,0,dnice516,7.617940199335548,5d796d5339549a001298880a
25,The Walking Dead,0,1,0,0,0,0,0,0,1,0,0,0,1,0,0,0,tmdb38541732,6.0,58b5e04692514119c0000084
26,The Walking Dead,0,1,0,0,0,0,0,0,1,0,0,0,1,0,0,0,lukan87,10.0,59fa28d6925141235700488b
27,The Walking Dead,0,1,0,0,0,0,0,0,1,0,0,0,1,0,0,0,benefits247,1.0,5bc23eab0e0a266e68035ee7
28,The Walking Dead,0,1,0,0,0,0,0,0,1,0,0,0,1,0,0,0,mattgibs0nn,10.0,5c9f89f4c3a368735b81b985
29,The Walking Dead,0,1,0,0,0,0,0,0,1,0,0,0,1,0,0,0,MovieGuys,7.617940199335548,5ca286e6c3a3682b210fe633
30,The Walking Dead,0,1,0,0,0,0,0,0,1,0,0,0,1,0,0,0,lynalouisa,10.0,5d1f535355b0c0678f6e18b7
31,The Walking Dead,0,1,0,0,0,0,0,0,1,0,0,0,1,0,0,0,Ditendra,4.0,5d63e4b26dea3a600c936181
32,The Walking Dead,0,1,0,0,0,0,0,0,1,0,0,0,1,0,0,0,r96sk,10.0,5f84584641465c0037186f12
33,Jupiter's Legacy,0,1,0,0,0,0,0,0,1,0,0,0,1,0,0,0,Peter89Spencer,9.0,609a8c4c20af77003d814a1e
34,WandaVision,0,1,0,0,0,0,1,0,0,0,0,0,1,0,0,0,msbreviews,9.0,6000763a4202280044e8504f
35,WandaVision,0,1,0,0,0,0,1,0,0,0,0,0,1,0,0,0,msbreviews,9.0,6043b80972c13e002b89e66d
36,WandaVision,0,1,0,0,0,0,1,0,0,0,0,0,1,0,0,0,sykobanana,4.0,60628da3d7a70a003ca3bb85
37,The Vampire Diaries,0,1,0,0,0,0,0,0,0,0,0,0,1,0,0,0,Ditendra,4.0,5d67c9ff6743fa000fd670a7
38,The Simpsons,1,0,1,0,0,0,0,1,0,0,0,0,0,0,0,0,Thomaxz,10.0,58c47927925141638a00243e
39,The Simpsons,1,0,1,0,0,0,0,1,0,0,0,0,0,0,0,0,dgood826,7.617940199335548,595673e79251411dbd04a938
40,The Simpsons,1,0,1,0,0,0,0,1,0,0,0,0,0,0,0,0,MovieGuys,7.617940199335548,5ca28b0c0e0a26059b8d77d8
41,The Simpsons,1,0,1,0,0,0,0,1,0,0,0,0,0,0,0,0,AdamRife,7.617940199335548,5f57b26c84f2490038ff25ea
42,Cobra Kai,0,1,0,0,0,0,0,0,1,0,0,0,0,0,0,0,garyturnbullsr,7.617940199335548,5aebb19e0e0a266e0d000d80
43,Cobra Kai,0,1,0,0,0,0,0,0,1,0,0,0,0,0,0,0,ComputerBlue,9.0,5aed22dfc3a368344c006294
44,Cobra Kai,0,1,0,0,0,0,0,0,1,0,0,0,0,0,0,0,polymimetic_alloy,4.0,5f79903043cd5400374e1b4d
45,Cobra Kai,0,1,0,0,0,0,0,0,1,0,0,0,0,0,0,0,Peter89Spencer,9.0,5ff300df156cc70040f2cb3e
46,Vikings,0,1,0,0,0,0,0,0,1,0,0,0,0,0,0,0,MovieGuys,7.617940199335548,5df99411609750002131a900
47,Supernatural,0,1,0,0,0,0,1,0,0,0,0,0,1,0,0,0,MovieGuys,7.617940199335548,5ca12f450e0a26597bfbc090
48,The Rookie,0,1,0,0,1,0,0,0,0,0,0,0,0,0,0,0,superbro,10.0,5bca5294c3a36840aa01c352
49,The Mandalorian,0,1,0,1,0,0,0,0,1,0,0,0,1,0,0,0,avidrunner,7.617940199335548,5e01a5f5d236e6001692b040
50,The Mandalorian,0,1,0,1,0,0,0,0,1,0,0,0,1,0,0,0,Peter89Spencer,10.0,5e53bc8135811d0013588540
51,The Mandalorian,0,1,0,1,0,0,0,0,1,0,0,0,1,0,0,0,msbreviews,9.0,5e808d8faf85de00145ff1e3
52,The Mandalorian,0,1,0,1,0,0,0,0,1,0,0,0,1,0,0,0,Liam1125,7.617940199335548,5fa5008d880c920042e578e9
53,Breaking Bad,0,1,0,0,0,0,0,0,0,0,0,0,0,0,0,0,slyone10001,10.0,5accdbe6c3a3687e2702d058
54,Breaking Bad,0,1,0,0,0,0,0,0,0,0,0,0,0,0,0,0,Ditendra,10.0,5d91c4a2172d7f001759ca0a
55,Breaking Bad,0,1,0,0,0,0,0,0,0,0,0,0,0,0,0,0,l33t5p34k3r,9.0,5ee08bdd90dde0001fa67192
56,Peaky Blinders,0,1,0,0,1,0,0,0,0,0,0,0,0,0,0,0,rsanek,10.0,609ad6b7180dea003da4c24f
57,The Boys,0,0,0,0,0,0,0,0,1,0,0,0,1,0,0,0,YouShouldKnow,6.0,5d4b400000213400122610b1
58,The Boys,0,0,0,0,0,0,0,0,1,0,0,0,1,0,0,0,Lenny_H,8.0,5d56a5124bc38b3503266cfa
59,The Boys,0,0,0,0,0,0,0,0,1,0,0,0,1,0,0,0,josalarcon2,9.0,5d5cc8f7a3d02700140b4c3b
60,House,0,1,1,0,0,0,1,0,0,0,0,0,0,0,0,0,Ibraheem...,7.0,59f5f3f09251414282015930
61,Stranger Things,0,1,0,0,0,0,1,0,0,0,0,0,1,0,0,0,Ditendra,9.0,5d6cbd8aefcea900129b2121
62,Stranger Things,0,1,0,0,0,0,1,0,0,0,0,0,1,0,0,0,msbreviews,8.0,5e808c6ece5d820014e9f3a9
63,Scorpion,0,1,0,0,1,0,0,0,1,0,0,0,0,0,0,0,Peter89Spencer,8.0,5e9c1983371097001b47f78d
64,Arrow,0,1,0,0,1,0,1,0,1,0,0,0,0,0,0,0,MovieGuys,7.617940199335548,5ca169649251411a18088d77
65,Arrow,0,1,0,0,1,0,1,0,1,0,0,0,0,0,0,0,Peter89Spencer,10.0,5e9eb84dd05a030019be1ed3
66,The Blacklist,0,1,0,0,1,0,1,0,0,0,0,0,0,0,0,0,TWDs,9.0,5ca542330e0a261b9ab4cd46
67,The Blacklist,0,1,0,0,1,0,1,0,0,0,0,0,0,0,0,0,suspectedowl,10.0,5e46b2639603310015f74e22
68,The Big Bang Theory,0,0,1,0,0,0,0,0,0,0,0,0,0,0,0,0,ComputerBlue,6.0,58f04db592514125b10082d6
69,Money Heist,0,1,0,0,1,0,0,0,0,0,0,0,0,0,0,0,krapfikra,10.0,5e87c267726fb10013515f5d
70,American Horror Story,0,1,0,0,0,0,1,0,0,0,0,0,1,0,0,0,Bertaut,8.0,5d210f8815c6363acbf3cf72
71,American Horror Story,0,1,0,0,0,0,1,0,0,0,0,0,1,0,0,0,Bertaut,8.0,5f1296bbd46537003761a415
72,Rick and Morty,1,0,1,0,0,0,0,0,1,0,0,0,1,0,0,0,adishake,9.0,5f9304a8b0cd20003784dbeb
73,Batwoman,0,0,0,0,1,0,1,0,1,0,0,0,1,0,0,0,MovieGuys,7.617940199335548,5df9911565686e00188abe8d
74,Batwoman,0,0,0,0,1,0,1,0,1,0,0,0,1,0,0,0,Peter89Spencer,7.0,5ede147eb42242002093dfc0
75,DC's Legends of Tomorrow,0,1,0,0,0,0,0,0,1,0,0,0,1,0,0,0,Tanasia,10.0,5f98ba0422931a00353a5b91
76,Are You Afraid of the Dark?,0,0,0,0,0,0,1,0,0,0,0,0,0,0,0,0,JDP185,2.0,5e207200b3316b0013035694
77,Are You Afraid of the Dark?,0,1,0,0,0,0,1,0,0,1,0,0,0,0,0,0,JDP185,2.0,5e207200b3316b0013035694
78,Friends,0,1,1,0,0,0,0,0,0,0,0,0,0,0,0,0,Peter89Spencer,8.0,5e66566f151c5c0015019a7d
79,Hawaii Five-0,0,1,0,0,1,0,0,0,1,0,0,0,0,0,0,0,Peter89Spencer,9.0,5e54fbc215959f0015a84d95
80,Malcolm in the Middle,0,1,1,0,0,0,0,1,0,0,0,0,0,0,0,0,Thomaxz,9.0,58c572e7c3a3684114000542
81,Dragon Ball Super,1,0,0,0,0,0,0,0,1,0,0,0,1,0,0,0,msbreviews,8.0,5c8a9030c3a36824bf0d2ca9
82,Dragon Ball Super,1,0,0,0,0,0,0,0,1,0,0,0,1,0,0,0,Peter89Spencer,9.0,5f7ed9a3d861af00388162df
83,Two and a Half Men,0,1,1,0,0,0,0,0,0,0,0,0,0,0,0,0,Ibraheem...,6.0,59e72eee9251413c2300c6cf
84,Euphoria,0,1,0,0,0,0,0,0,0,0,0,0,0,0,0,0,tmdb15214618,8.0,5e4fb09c9b861600166bfdda
85,Dark,0,1,0,0,1,0,1,0,0,0,0,0,1,0,0,0,ausher8,9.0,5bd4e6240e0a2622da021567
86,Dark,0,1,0,0,1,0,1,0,0,0,0,0,1,0,0,0,Ditendra,4.0,5d63d9587f6c8d6d93ec4aa3
87,Dark,0,1,0,0,1,0,1,0,0,0,0,0,1,0,0,0,JDP185,10.0,5e29aecd98f1f10018f62f3e
88,Doctor Who,0,1,0,0,0,0,0,0,1,0,0,0,1,0,0,0,pjgs,10.0,5a34375f925141547502e75a
89,Doctor Who,0,1,0,0,0,0,0,0,1,0,0,0,1,0,0,0,pjgs,10.0,5a34375f925141547502e75a
90,Doctor Who,0,1,0,0,0,0,0,0,1,0,0,0,1,0,0,0,MovieGuys,7.617940199335548,5df99073d1a89300147f667d
91,Doctor Who,0,1,0,0,0,0,0,0,1,0,0,0,1,0,0,0,MovieGuys,7.617940199335548,5df99073d1a89300147f667d
92,Futurama,1,0,1,0,0,0,0,0,0,0,0,0,1,0,0,0,adishake,8.0,5da5eddda24232001777130e
93,Futurama,1,0,1,0,0,0,0,0,0,0,0,0,1,0,0,0,AdamRife,7.617940199335548,5f57bd4290cf510032ab16fa
94,Futurama,1,0,1,0,0,0,0,0,0,0,0,0,1,0,0,0,michaelck,7.617940199335548,5fc688aa2fdec6003e79feea
95,Fate: The Winx Saga,0,1,0,0,0,0,0,0,0,0,0,0,1,0,0,0,Peter89Spencer,8.0,60153631d266a2003f0dc748
96,The Office,0,0,1,0,0,0,0,0,0,0,0,0,0,0,0,0,jsayer7,7.617940199335548,5e38a127ac8e6b0011c7aca5
97,Doctor Who,0,1,0,0,0,0,0,0,1,0,0,0,1,0,0,0,cloister56,10.0,589f861ec3a3684fd70031df
98,Doctor Who,0,1,0,0,0,0,0,0,1,0,0,0,1,0,0,0,cloister56,10.0,589f861ec3a3684fd70031df
99,This Is Us,0,1,1,0,0,0,0,0,0,0,0,0,0,0,0,0,Chrisman28,7.0,59a4a2dac3a3683347000761
100,Castlevania,1,0,0,0,0,0,0,0,0,0,0,0,1,0,0,0,Peter89Spencer,8.0,5f92c5026331b20039f224e8
101,Castle,0,1,0,0,1,0,0,0,0,0,0,0,0,0,0,0,PolyWogg,7.617940199335548,5c6247d99251413ddaf96608
102,Outlander,0,1,0,0,0,0,0,0,0,0,0,0,1,0,0,0,Ahstaroth,7.617940199335548,5a09e262c3a368218a003299
103,Buffy the Vampire Slayer,0,1,1,0,0,0,0,0,1,0,0,0,1,0,0,0,Joeisacoolguy,9.0,58b9850ec3a368664d00b5ed
104,One-Punch Man,1,0,1,0,0,0,0,0,1,0,0,0,0,0,0,0,purplecandy,7.617940199335548,5ce29d750e0a266f99cef4f6
105,One-Punch Man,1,0,1,0,0,0,0,0,1,0,0,0,0,0,0,0,glennposadas,7.617940199335548,5cf3bc48c3a36839e41fa09f
106,BoJack Horseman,1,1,1,0,0,0,0,0,0,0,0,0,0,0,0,0,Radu Savutiu,7.617940199335548,5dc188607d2bc100113a16a6
107,Chernobyl,0,1,0,0,0,0,0,0,0,0,0,0,0,0,0,0,narrator56,10.0,5e891d3760b58d0018eb91df
108,Chernobyl,0,1,0,0,0,0,0,0,0,0,0,0,0,0,0,0,Bertaut,9.0,6095dadc9bcd0f003c748aff
109,Spartacus,0,1,0,0,0,0,0,0,0,0,0,0,0,0,0,0,Peter89Spencer,8.0,5e5bb11955c926001750d1f6
110,The Queen's Gambit,0,1,0,0,0,0,0,0,0,0,0,0,0,0,0,0,austinmorgan,9.0,5fa6b7799ac5350042b482d8
111,The Queen's Gambit,0,1,0,0,0,0,0,0,0,0,0,0,0,0,0,0,MongoLloyd,1.0,5fa9f804a402c10042362b48
112,Bridgerton,0,1,0,0,0,0,0,0,0,0,0,0,0,0,0,0,Peter89Spencer,9.0,60080912fb3f61004a41df1f
113,Goblin,0,1,0,0,0,0,0,0,0,0,0,0,1,0,0,0,dimjimc,10.0,5cf2cf4f0e0a261973cb7415
114,iCarly,0,1,1,0,0,0,0,1,0,1,0,0,0,0,0,0,CarlosG323,10.0,5f5a8bef079a970035b9d386
115,The Resident,0,1,0,0,0,0,0,0,0,0,0,0,0,0,0,0,Ditendra,10.0,5d63e980bc8abc5325252b63
116,Dexter,0,1,0,0,1,0,1,0,0,0,0,0,0,0,0,0,VanVliet,10.0,59d7dbfd92514124cd016b3c
117,Dexter,0,1,0,0,1,0,1,0,0,0,0,0,0,0,0,0,LovingStory,8.0,5ef3e49166469a003599eff4
118,Once Upon a Time,0,1,0,0,0,0,0,0,0,0,0,0,1,0,0,0,Oldnewbie,7.617940199335548,591e78d6c3a368774e02d3f2
119,New Girl,0,0,1,0,0,0,0,0,0,0,0,0,0,0,0,0,rsanek,9.0,5f5a42695bce9e0039c29e44
120,His Dark Materials,0,1,0,0,0,0,0,0,0,0,0,0,1,0,0,0,Symphonia,7.617940199335548,5de9f12c3faba0001917c121
121,His Dark Materials,0,1,0,0,0,0,0,0,0,0,0,0,1,0,0,0,msbreviews,7.0,5e808d58af85de00165ff365
122,His Dark Materials,0,1,0,0,0,0,0,0,0,0,0,0,1,0,0,0,r96sk,7.0,5f7f3df1d11e0e0038bddf75
123,His Dark Materials,0,1,0,0,0,0,0,0,0,0,0,0,1,0,0,0,msbreviews,7.0,601147beccde0400402760e5
124,The Late Show with Stephen Colbert,0,0,1,0,0,0,0,0,0,0,0,0,0,0,1,0,PresidentPutin,2.0,5917c042925141583c03b388
125,BEASTARS,1,1,0,0,0,0,0,0,0,0,0,0,0,0,0,0,Peter89Spencer,7.0,5e9ac078e22d28001d5f3d69
126,Seinfeld,0,0,1,0,0,0,0,0,0,0,0,0,0,0,0,0,tmdb81799156,10.0,597a97d0925141364e0032d6
127,Shameless,0,1,1,0,0,0,0,0,0,0,0,0,0,0,0,0,GHeart,10.0,5b62fe80925141405402e070
128,Steven Universe,1,0,1,0,0,0,0,1,1,0,0,0,1,0,0,0,MaxtheMoviePerson,1.0,58ba06edc3a36866a500f8e2
129,iZombie,0,1,0,0,1,0,0,0,0,0,0,0,1,0,0,0,Bronson881,7.617940199335548,598a8d05c3a368755f026eb0
130,Bleach,1,0,0,0,0,0,0,0,1,0,0,0,1,0,0,0,YouShouldKnow,7.0,5a1b0b3d9251410329043327
131,13 Reasons Why,0,1,0,0,0,0,1,0,0,0,0,0,0,0,0,0,Rangan,7.617940199335548,5a771d0c92514105a904493d
132,13 Reasons Why,0,1,0,0,0,0,1,0,0,0,0,0,0,0,0,0,Kewl_Kat,6.0,5b1d82020e0a264f9d002977
133,Sons of Anarchy,0,1,0,0,1,0,0,0,0,0,0,0,0,0,0,0,Ditendra,10.0,5ebdae988e2e0000211409ca
134,Sons of Anarchy,0,1,0,0,1,0,0,0,0,0,0,0,0,0,0,0,FolioSwami,1.0,605fc87c0e64af006b4f20db
135,Frasier,0,0,1,0,0,0,0,0,0,0,0,0,0,0,0,0,Peter89Spencer,8.0,5e5e3612357c0000112d8ec6
136,Star Trek: Voyager,0,1,0,0,0,0,0,0,1,0,0,0,1,0,0,0,H2Obsession,8.0,58b538ecc3a3685ef7007564
137,Westworld,0,0,0,1,0,1,0,0,0,0,0,0,0,0,0,0,Charles Dance,3.0,58a20afbc3a3681d5300037e
138,Westworld,0,0,0,1,0,1,0,0,0,0,0,0,0,0,0,0,CharlesTheBold,7.617940199335548,58e4fa1f92514127e802f772
139,Westworld,0,0,0,1,0,1,0,0,0,0,0,0,0,0,0,0,Ditendra,4.0,5d63e6c46dea3a0945936e13
140,Westworld,0,0,0,1,0,1,0,0,0,0,0,0,0,0,0,0,msbreviews,7.617940199335548,5e6f750d2f3b17001745f46e
141,Westworld,0,0,0,1,0,1,0,0,0,0,0,0,0,0,0,0,msbreviews,7.617940199335548,5e808dd776484100153de8f2
142,Westworld,0,0,0,1,0,1,0,0,0,0,0,0,0,0,0,0,Peter89Spencer,8.0,5ec4f6d98e2e0000201d01f5
143,Uzaki-chan Wants to Hang Out!,1,0,1,0,0,0,0,0,0,0,0,0,0,0,0,0,AdamRife,7.617940199335548,5f57b4cc9661fc0035117cc1
144,KonoSuba â€“ God's blessing on this wonderful world!!,1,0,1,0,0,0,0,0,1,0,0,0,1,0,0,0,TheBlah,8.0,5e28c569946318001a446e89
145,Psych,0,1,1,0,0,0,1,0,0,0,0,0,0,0,0,0,showlover1233,7.617940199335548,5e770367357c000016501985
146,The Witcher,0,1,0,0,0,0,0,0,1,0,0,0,1,0,0,0,Mark Rushow,8.0,5dfda39ad236e600128ba330
147,The Witcher,0,1,0,0,0,0,0,0,1,0,0,0,1,0,0,0,Sushrut,7.0,5e04cad29bcd0f00150be8bc
148,The Witcher,0,1,0,0,0,0,0,0,1,0,0,0,1,0,0,0,CyberManX,8.0,5e1566ab9020120015bc943f
149,The Witcher,0,1,0,0,0,0,0,0,1,0,0,0,1,0,0,0,Donzauker99,7.617940199335548,5e1760bfc2f44b0012bf18e6
150,The Witcher,0,1,0,0,0,0,0,0,1,0,0,0,1,0,0,0,Ditendra,1.0,5e1c862012b10e001693cb3f
151,The Witcher,0,1,0,0,0,0,0,0,1,0,0,0,1,0,0,0,Peter89Spencer,9.0,5e593287f48b3400177bfd9c
152,The West Wing,0,1,0,0,0,0,0,0,0,0,0,0,0,0,0,0,tmdb40011370,8.0,5dd6ae8f12aabc00168c5cdc
153,The West Wing,0,1,0,0,0,0,0,0,0,0,0,0,0,0,0,0,narrator56,10.0,5e89c348d207f3001698a998
154,Star Trek,0,1,0,0,0,0,0,0,0,0,0,0,1,0,0,0,StoneMonkeyMark,7.0,5c743112c3a3685a3e1a0bab
155,Anne with an E,0,1,0,0,0,0,0,1,0,0,0,0,0,0,0,0,Olivergbyrne,7.617940199335548,59d4b63cc3a36844e10155d5
156,Doom Patrol,0,1,1,0,0,0,0,0,0,0,0,0,1,0,0,0,emmit,8.0,5c7573dac3a3684818d3560f
157,Doom Patrol,0,1,1,0,0,0,0,0,0,0,0,0,1,0,0,0,Avaya,7.617940199335548,5c97f0250e0a264cc3c18118
158,Doom Patrol,0,1,1,0,0,0,0,0,0,0,0,0,1,0,0,0,MovieGuys,7.617940199335548,5ca167bc9251411a16085a9d
159,Doom Patrol,0,1,1,0,0,0,0,0,0,0,0,0,1,0,0,0,mfrencken,8.0,5ca979f4c3a3683f4a60abe4
160,Servant,0,1,0,0,0,0,0,0,0,0,0,0,0,0,0,0,msbreviews,9.0,5e808f9ca127e50018569e96
161,My Hero Academia,1,0,1,0,0,0,0,0,1,0,0,0,1,0,0,0,ischleep,10.0,5b120497c3a3687b0b003fc8
162,My Hero Academia,1,0,1,0,0,0,0,0,1,0,0,0,1,0,0,0,TheBlah,8.0,5e054453a128560015c08960
163,Redo of Healer,1,0,0,0,0,0,0,0,1,0,0,0,1,0,0,0,TheBlah,1.0,60326f29befb0900408fc3b0
164,Marvel's Daredevil,0,1,0,0,1,0,0,0,1,0,0,0,0,0,0,0,Peter89Spencer,9.0,5e80673576484100153d9fb0
165,YOU,0,1,0,0,1,0,1,0,0,0,0,0,0,0,0,0,Kewl_Kat,8.0,5bce873c92514172d80039b9
166,YOU,0,1,0,0,1,0,1,0,0,0,0,0,0,0,0,0,Ditendra,9.0,5dbbd6d454f6eb00134e0708
167,YOU,0,1,0,0,1,0,1,0,0,0,0,0,0,0,0,0,Ditendra,9.0,5dbc1c50d2c0c100161f804f
168,YOU,0,1,0,0,1,0,1,0,0,0,0,0,0,0,0,0,iieeef,2.0,5e1247998741c400143c9a6e
169,YOU,0,1,0,0,1,0,1,0,0,0,0,0,0,0,0,0,Fullmakt,8.0,5ee6c17b97eab4001de3ca62
170,YOU,0,1,0,0,1,0,1,0,0,0,0,0,0,0,0,0,mortenFriendspire,7.617940199335548,5f88a8802cefc2003720f544
171,The Irregular at Magic High School,1,0,0,0,0,0,0,0,1,0,0,0,1,0,0,0,green0101,10.0,5ca1d6030e0a26598efc5a9c
172,The Irregular at Magic High School,1,0,0,0,0,0,0,0,1,0,0,0,1,0,0,0,TheBlah,7.0,5d17e67790fca3001cab5dc4
173,Glee,0,1,1,0,0,0,0,0,0,0,0,0,0,0,0,0,Joeisacoolguy,9.0,58bac1fac3a368668f01daf2
174,Glee,0,1,1,0,0,0,0,0,0,0,0,0,0,0,0,0,samueldamas,7.617940199335548,5b7c4cd50e0a264eb70001a3
175,Mr. Robot,0,1,0,0,1,0,0,0,0,0,0,0,0,0,0,0,Bazzjazz,9.0,5af3a048925141787c004244
176,"Magnum, P.I.",0,1,0,0,0,0,0,0,1,0,0,0,0,0,0,0,Peter89Spencer,9.0,5e54fb3af48b34001574df8e
177,The Man in the High Castle,0,1,0,0,0,0,0,0,0,0,0,0,1,0,0,0,MGenth,6.0,5d0ea5300e0a2602a1cca7c6
178,The Man in the High Castle,0,1,0,0,0,0,0,0,0,0,0,0,1,0,0,0,tmdb32847728,9.0,5dd32ce257d3780018dc8c9f
179,Blood of Zeus,1,0,0,0,0,0,0,0,1,0,0,0,1,0,0,0,Peter89Spencer,9.0,5fae6f36c613ce0040217114
180,Person of Interest,0,1,0,0,1,0,0,0,1,0,0,0,1,0,0,0,AKJETJ,10.0,596627bd9251415a400f8ed8
181,Demon Slayer: Kimetsu no Yaiba,1,0,0,0,0,0,0,0,1,0,0,0,1,0,0,0,jaipaljadeja,10.0,5f9118067614210036894b2b
182,Coronation Street,0,0,0,0,0,0,0,0,0,0,0,0,0,1,0,0,narrator56,8.0,5e89bf3260b58d0015ecf6e2
183,Star Trek: Discovery,0,0,0,0,0,0,0,0,1,0,0,0,1,0,0,0,Larp,9.0,59ed69aec3a3682edc02017f
184,Star Trek: Discovery,0,0,0,0,0,0,0,0,1,0,0,0,1,0,0,0,ConradM,7.617940199335548,5ad9d1bec3a3683c7100a715
185,Star Trek: Discovery,0,0,0,0,0,0,0,0,1,0,0,0,1,0,0,0,benefits247,1.0,5bbcf5b90e0a26660601ff1d
186,Star Trek: Discovery,0,0,0,0,0,0,0,0,1,0,0,0,1,0,0,0,MovieGuys,7.617940199335548,5ca2895592514140d3488619
187,Star Trek: Discovery,0,0,0,0,0,0,0,0,1,0,0,0,1,0,0,0,Thespear,7.617940199335548,5d138b36c3a36818211dcbba
188,M*A*S*H,0,1,1,0,0,0,0,0,0,0,0,0,0,0,0,1,Peter89Spencer,9.0,5e665326151c5c001900e467
189,Sherlock,0,1,0,0,1,0,1,0,0,0,0,0,0,0,0,0,Ibraheem...,9.0,59e0e4f4c3a368620d0a9f28
190,Weeds,0,1,1,0,1,0,0,0,0,0,0,0,0,0,0,0,CatEllington,1.0,58caf2c2c3a36828f30026cf
191,It,0,1,0,0,0,0,1,0,0,0,0,0,1,0,0,0,Ruuz,4.0,59c093ebc3a36804f900a6f3
192,Last Week Tonight with John Oliver,0,0,1,0,0,0,0,0,0,0,1,0,0,0,1,0,narrator56,8.0,5e886d7460b58d0013eabdd5
193,The Good Wife,0,1,0,0,0,0,0,0,0,0,0,0,0,0,0,0,narrator56,8.0,5fa070d77e3483003aa49bd3
194,Xena: Warrior Princess,0,1,0,0,0,0,0,0,1,0,0,0,0,0,0,0,CharlesTheBold,7.617940199335548,58ace8489251411f880021c9
195,Ozark,0,1,0,0,1,0,0,0,0,0,0,0,0,0,0,0,SudeeraSJ,10.0,5ebe932d6d675a00207b7adc
196,The Gifted,0,1,0,0,0,0,0,0,1,0,0,0,1,0,0,0,dr cherry peper,10.0,59d3ceb5c3a36845940029f4
197,White Collar,0,1,0,0,1,0,0,0,0,0,0,0,0,0,0,0,sammystarbuck,10.0,5e9df91477c01f001ef3ff72
198,Twin Peaks,0,1,0,0,0,0,1,0,0,0,0,0,0,0,0,0,SteveMcQueen36,10.0,598cd6a09251414c2b00153c
199,Gintama,1,0,1,0,0,0,0,0,1,0,0,0,1,0,0,0,TheBlah,10.0,5d17c1dc126ec300210e4b2a
200,Magnum P.I.,0,0,0,0,0,0,0,0,1,0,0,0,0,0,0,0,Peter89Spencer,7.0,5ee73cf8afa1b00023c11305
201,The End of the F***ing World,0,1,1,0,1,0,0,0,0,0,0,0,0,0,0,0,YouShouldKnow,1.0,5e1b62ab6a300b00135c8b1a
202,Shadowhunters,0,1,0,0,0,0,0,0,1,0,0,0,1,0,0,0,KarmaKing,10.0,59c443dcc3a368140301ed7e
203,The Legend of Korra,1,1,0,0,0,0,0,1,1,0,0,0,1,0,0,0,puncher,4.0,5b4e09dc0e0a26453e0554d0
204,The Last Kingdom,0,1,0,0,0,0,0,0,1,0,0,0,0,0,0,0,seven_houses7,9.0,58b98f03925141607b00bc0b
205,The Last Kingdom,0,1,0,0,0,0,0,0,1,0,0,0,0,0,0,0,Ditendra,10.0,5ee0f365c8113d001f798539
206,The Last Kingdom,0,1,0,0,0,0,0,0,1,0,0,0,0,0,0,0,damagedone666,8.0,5f4782c1f6596f0035acca47
207,The Last Kingdom,0,1,0,0,0,0,0,0,1,0,0,0,0,0,0,0,rspen46,7.617940199335548,5ff20641869e750040d9fb4e
208,G.I. Joe,1,0,0,0,0,0,0,0,1,0,0,0,0,0,0,0,Mario32,7.617940199335548,5d021960c3a368623023e9ea
209,Trollhunters: Tales of Arcadia,1,0,1,0,0,0,0,1,1,0,0,0,1,0,0,0,Rangan,10.0,597e0b0d9251415dba019f95
210,Trollhunters: Tales of Arcadia,1,0,1,0,0,0,0,1,1,0,0,0,1,0,0,0,Rangan,10.0,5a7726f30e0a26642d04dafc
211,Trollhunters: Tales of Arcadia,1,0,1,0,0,0,0,1,1,0,0,0,1,0,0,0,Peter89Spencer,9.0,5e5d2154357c0000132be385
212,Manifest,0,1,0,0,0,0,1,0,0,0,0,0,0,0,0,0,YouShouldKnow,5.0,5bed79abc3a36812e40157e3
213,The Fresh Prince of Bel-Air,0,1,1,0,0,0,0,1,0,0,0,0,0,0,0,0,Peter89Spencer,8.0,5e6654b58d52c9001d3f2d54
214,Everybody Loves Raymond,0,0,1,0,0,0,0,0,0,0,0,0,0,0,0,0,Peter89Spencer,8.0,5e5e36bd87e63e0017760ce7
215,Cowboy Bebop,1,1,0,0,1,0,0,0,1,0,0,0,1,0,0,0,TheBlah,10.0,5d17bec4126ec3001e0e3959
216,House of Cards,0,1,0,0,0,0,0,0,0,0,0,0,0,0,0,0,zag2me,10.0,58aed471c3a36835b8005f5e
217,House of Cards,0,1,0,0,0,0,0,0,0,0,0,0,0,0,0,0,tmdb15214618,6.0,5967e595c3a3687298008b7d
218,Wynonna Earp,0,0,0,1,0,0,0,0,1,0,0,0,1,0,0,0,MovieGuys,7.617940199335548,5cabf241c3a3686e8a642269
219,Start-Up,0,1,1,0,0,0,0,0,0,0,0,0,0,0,0,0,YourOnlyOne,9.0,601938abfb3f61003fc88f52
220,Superstore,0,0,1,0,0,0,0,0,0,0,0,0,0,0,0,0,Rangan,7.617940199335548,59ac9e35925141072f038ee2
221,Battlestar Galactica,0,1,0,0,0,0,0,0,0,0,0,0,1,0,0,0,benefits247,9.0,5bc243720e0a266e59036414
222,Battlestar Galactica,0,1,0,0,0,0,0,0,0,0,0,0,1,0,0,0,zag2me,10.0,5e87b1859974ee0015b205fe
223,Band of Brothers,0,1,0,0,0,0,0,0,0,0,0,0,0,0,0,1,avivg,10.0,59cab734c3a368770e002984
224,Band of Brothers,0,1,0,0,0,0,0,0,0,0,0,0,0,0,0,1,SierraKiloBravo,10.0,5ea4d8b13faba000254695cf
225,A Discovery of Witches,0,1,0,0,0,0,0,0,0,0,0,0,1,0,0,0,lonegunman,8.0,5bba7600c3a3682437032f5d
226,Marvel's Spider-Man,1,0,0,0,0,0,0,0,0,0,0,0,1,0,0,0,chwalid13,8.0,5a689ff30e0a2653a800c413
227,Marvel's Jessica Jones,0,1,0,0,0,0,0,0,0,0,0,0,1,0,0,0,atomicplaygirl,6.0,58be09b7925141343500751d
228,Marvel's Jessica Jones,0,1,0,0,0,0,0,0,0,0,0,0,1,0,0,0,Peter89Spencer,8.0,5e8068071d6c5f00161cd513
229,The Expanse,0,1,0,0,0,0,1,0,0,0,0,0,1,0,0,0,YouShouldKnow,4.0,5e2499f5397df000149e1ceb
230,The Expanse,0,1,0,0,0,0,1,0,0,0,0,0,1,0,0,0,Ditendra,1.0,5e26db411685da0019de722c
231,The Expanse,0,1,0,0,0,0,1,0,0,0,0,0,1,0,0,0,YetAnotherMovieWatcher,10.0,5e93bf6b84448e001291458c
232,Cheers,0,0,1,0,0,0,0,0,0,0,0,0,0,0,0,0,Peter89Spencer,8.0,5e5e35a455c9260017551ac1
233,Akame ga Kill!,1,1,0,0,0,0,0,0,1,0,0,0,0,0,0,0,TheBlah,4.0,5e1e0daae194b00016ba9937
234,Monogatari,1,1,1,0,0,0,0,0,0,0,0,0,0,0,0,0,TheBlah,4.0,5d17ec1f126ec300150eb499
235,Midsomer Murders,0,1,0,0,1,0,1,0,0,0,0,0,0,0,0,0,narrator56,7.0,5ec27d349979d200202e4443
236,Wizards: Tales of Arcadia,1,0,1,0,0,0,0,0,1,0,0,0,1,0,0,0,Peter89Spencer,6.0,5f2fc1b49a358d003691ecac
237,Re:ZERO -Starting Life in Another World-,1,1,1,0,0,0,0,0,1,0,0,0,1,0,0,0,TheBlah,7.0,5daa4d089661fc00143fcfb8
238,The Wire,0,1,0,0,1,0,0,0,0,0,0,0,0,0,0,0,tmdb40011370,10.0,5dd6b9d3af85de00197e387a
239,Terminator: The Sarah Connor Chronicles,0,1,0,0,0,0,0,0,1,0,0,0,1,0,0,0,tomk1,8.0,58b75616c3a368457b000365
240,BAKI,1,1,0,0,1,0,0,0,1,0,0,0,0,0,0,0,hobowarz,3.0,5ce5b4b69251414923bbcd16
241,Altered Carbon,0,0,0,0,0,0,0,0,0,0,0,0,1,0,0,0,FolioSwami,1.0,604f58b06517d6006a206811
242,Banshee,0,1,0,0,1,0,0,0,0,0,0,0,0,0,0,0,Christian Stefaner-Schmid,10.0,59720f59c3a3686fc7039342
243,Absentia,0,1,0,0,1,0,1,0,0,0,0,0,0,0,0,0,tmdb80625884,4.0,5b1406c3c3a368628e01ba6d
244,The Wild Wild West,0,1,1,1,0,0,0,0,1,0,0,0,0,0,0,0,MagicMark,10.0,592a0904c3a368783e053d2d
245,Deadly Class,0,1,0,0,1,0,0,0,1,0,0,0,0,0,0,0,cherrysoda,10.0,5c3c9bb50e0a2638678d4802
246,Bosch,0,1,0,0,1,0,1,0,0,0,0,0,0,0,0,0,narrator56,9.0,5f596fed0e44190037f7d3ff
247,Defending Jacob,0,1,0,0,1,0,1,0,0,0,0,0,0,0,0,0,Aditya@13,7.617940199335548,5ef95ad1e93e950035ba3fd2
248,Final Space,1,0,1,0,0,0,0,0,1,0,0,0,1,0,0,0,Dsnake1,9.0,5af1b7100e0a264448005feb
249,Mindhunter,0,1,0,0,1,0,0,0,0,0,0,0,0,0,0,0,MovieGuys,5.0,5cdccf8a9251417660cfb609
250,The Good Fight,0,1,0,0,0,0,0,0,0,0,0,0,0,0,0,0,narrator56,9.0,5fcaff66680be8003d19ab4a
251,Ray Donovan,0,1,0,0,0,0,0,0,0,0,0,0,0,0,0,0,Kewl_Kat,7.617940199335548,5c087360c3a368252d002b16
252,Fresh Off the Boat,0,0,1,0,0,0,0,0,0,0,0,0,0,0,0,0,Peter89Spencer,9.0,5f6725f36a2227003889da7d
253,Project Blue Book,0,0,0,0,0,0,1,0,0,0,0,0,1,0,0,0,TalisBriedis,5.0,5e7c94c26c74b94e95ca28b7
254,Marvel's Luke Cage,0,1,0,0,1,0,0,0,1,0,0,0,1,0,0,0,j0ng,9.0,5b0d12070e0a2608f100698a
255,Marvel's Luke Cage,0,1,0,0,1,0,0,0,1,0,0,0,1,0,0,0,kscardina,10.0,5b35b29e9251413cb5023498
256,Marvel's Luke Cage,0,1,0,0,1,0,0,0,1,0,0,0,1,0,0,0,Peter89Spencer,9.0,5e8068fea4f03c0012b6a1f8
257,"Love, Victor",0,1,1,0,0,0,0,0,0,0,0,0,0,0,0,0,tmdb15214618,6.0,5eec6cc0c5ada50031d65dbd
258,Quantico,0,1,0,0,1,0,1,0,0,0,0,0,0,0,0,0,VanVliet,2.0,5a04c360c3a36833cf006629
259,Legion,0,0,0,0,0,0,0,0,1,0,0,0,1,0,0,0,slimmybim,7.617940199335548,5d3744e660c51d001482ec1c
260,Stargirl,0,1,0,0,1,0,0,0,1,0,0,0,1,0,0,0,tmdb15214618,8.0,5ef053f1b0cd200036b99a8f
261,Stargirl,0,1,0,0,1,0,0,0,1,0,0,0,1,0,0,0,Peter89Spencer,9.0,5f4a402539b6c3003499aa9e
262,Stargirl,0,1,0,0,1,0,0,0,1,0,0,0,1,0,0,0,quasar1967,4.0,5f4d638bfea0d700323ca916
263,AIBOU: Tokyo Detective Duo,0,1,0,0,1,0,1,0,0,0,0,0,0,0,0,0,Otokichi786,8.0,5b4d8c5a0e0a26453404ca9c
264,Ballers,0,1,1,0,0,0,0,0,0,0,0,0,0,0,0,0,Peter89Spencer,9.0,600562fce942ee003fe5b43e
265,That Time I Got Reincarnated as a Slime,1,0,1,0,0,0,0,0,1,0,0,0,1,0,0,0,TheBlah,10.0,5d17fa76ca0e17002170bf30
266,Warrior Nun,0,1,0,0,0,0,0,0,1,0,0,0,1,0,0,0,MovieGuys,7.617940199335548,5f0b94acefe37c0038c5eb94
267,Warrior Nun,0,1,0,0,0,0,0,0,1,0,0,0,1,0,0,0,Peter89Spencer,8.0,5f1ece6b0bb0760034fd8c87
268,All American,0,1,0,0,0,0,0,0,0,0,0,0,0,0,0,0,tmdb52822426,10.0,5bc26add92514179ae0390b8
269,Nikita,0,1,0,0,0,0,0,0,1,0,0,0,0,0,0,0,Sarumansstuff,9.0,5c1009e0c3a36825200e478a
270,Line of Duty,0,1,0,0,1,0,1,0,0,0,0,0,0,0,0,0,Splinter,10.0,5c236910c3a368700eef8dd5
271,Navy Log,0,1,0,0,0,0,0,0,0,0,0,0,0,0,0,1,big_bellied_geezer,7.617940199335548,5b4272ca9251414f57013bd6
272,Your Lie in April,1,1,1,0,0,0,0,0,0,0,0,0,0,0,0,0,tmdbsom,10.0,6068ed2dc14fee0079cb4ad5
273,True Detective,0,1,0,0,0,0,0,0,0,0,0,0,0,0,0,0,the_blueeyes,10.0,58acb64cc3a3686f0500108d
274,True Detective,0,1,0,0,0,0,0,0,0,0,0,0,0,0,0,0,shiri4frnz,10.0,590b2a3c9251414fa1014f7d
275,True Detective,0,1,0,0,0,0,0,0,0,0,0,0,0,0,0,0,Tommy1178,7.617940199335548,60081a163f8ede003f5e8450
276,True Detective,0,1,0,0,0,0,0,0,0,0,0,0,0,0,0,0,Bertaut,7.0,60599136a6c1040075536963
277,Are You Afraid of the Dark?,0,0,0,0,0,0,1,0,0,0,0,0,0,0,0,0,DavidLinck85,10.0,598a978b9251414bfa02480d
278,Are You Afraid of the Dark?,0,1,0,0,0,0,1,0,0,1,0,0,0,0,0,0,DavidLinck85,10.0,598a978b9251414bfa02480d
279,American Crime Story,0,1,0,0,1,0,0,0,0,0,0,0,0,0,0,0,Bertaut,8.0,5cb2f00b9251412fa3272913
280,Watchmen,0,1,0,0,1,0,0,0,1,0,0,0,1,0,0,0,Luis_989,9.0,5dffaa0326dac10014633341
281,Watchmen,0,1,0,0,1,0,0,0,1,0,0,0,1,0,0,0,msbreviews,10.0,5e808d1ca4f03c0012b6e311
282,Watchmen,0,1,0,0,1,0,0,0,1,0,0,0,1,0,0,0,Bertaut,9.0,5fb0a1709d592c003e581a83
283,Rosewood,0,1,0,0,0,0,0,0,0,0,0,0,0,0,0,0,TWDs,10.0,5ca54341c3a36866adae5578
284,Marvel's Cloak & Dagger,0,1,0,0,0,0,0,0,1,0,0,0,1,0,0,0,Peter89Spencer,9.0,5e55355115959f0013a89bf1
285,Charlotte,1,1,0,0,0,0,0,0,0,0,0,0,1,0,0,0,TheBlah,10.0,5d17d031ca0e170018701e72
286,All Elite Wrestling: Dynamite,0,0,0,0,0,0,0,0,0,0,0,1,0,0,0,0,baasman73,10.0,5df2aa0118b751001242dd88
287,Tom Clancy's Jack Ryan,0,1,0,0,0,0,0,0,1,0,0,0,0,0,0,1,hdreport,6.0,5b9ab211c3a3686bff004da1
288,Tom Clancy's Jack Ryan,0,1,0,0,0,0,0,0,1,0,0,0,0,0,0,1,Splinter,7.617940199335548,5d05472792514117b4bddd3b
289,Wandering Witch: The Journey of Elaina,1,0,0,0,0,0,0,0,1,0,0,0,1,0,0,0,TheBlah,7.0,5fd90448a127e50042152841
290,Swamp Thing,0,1,0,0,0,0,1,0,0,0,0,0,1,0,0,0,nickamg,7.617940199335548,5d0fc0b69251412f8fb97873
291,The Loud House,0,0,1,0,0,0,0,1,0,1,0,0,0,0,0,0,FolioSwami,2.0,609941858ee49c004074a711
292,The Leftovers,0,1,0,0,0,0,0,0,0,0,0,0,1,0,0,0,His Excellency,10.0,593b552492514105e20045bb
293,Big Sky,0,1,0,0,1,0,1,0,0,0,0,0,0,0,0,0,chrisdtv9831,10.0,5fc3a81cb84f9400410b0f6c
294,Freaks and Geeks,0,1,1,0,0,0,0,0,0,0,0,0,0,0,0,0,fcsuper,9.0,593cccc392514105970170e1
295,Blue Exorcist,1,1,1,0,0,0,1,0,0,0,0,0,1,0,0,0,TheBlah,9.0,5d17b9c0678259001601bc08
296,Defiance,0,1,0,0,0,0,0,0,0,0,0,0,1,0,0,0,AKJETJ,6.0,5966012ec3a36825e8110848
297,Star Trek: Picard,0,0,0,0,0,0,0,0,1,0,0,0,1,0,0,0,Peter89Spencer,9.0,5e9ac48a310325001ac69d98
298,Star Trek: Picard,0,0,0,0,0,0,0,0,1,0,0,0,1,0,0,0,quasar1967,2.0,5f4d62e49ecf180036917d91
299,Star Trek: Picard,0,0,0,0,0,0,0,0,1,0,0,0,1,0,0,0,mcse2000ca,4.0,5f922409278d8a003838b11d
300,Star Trek: Picard,0,0,0,0,0,0,0,0,1,0,0,0,1,0,0,0,Ky6uk,8.0,6010b9487f1d83003f6cf3d4
301,"Murder, She Wrote",0,1,0,0,1,0,1,0,0,0,0,0,0,0,0,0,Peter89Spencer,9.0,608ef9d3a097dc00299c2dc0
302,Tower of God,1,0,0,0,0,0,1,0,1,0,0,0,1,0,0,0,TheBlah,1.0,5efce27fa284eb00399548df
303,The Dark Crystal: Age of Resistance,0,0,0,0,0,0,0,0,1,0,0,0,1,0,0,0,Peter89Spencer,9.0,5e7b294ceec4f30014a9282f
304,The Sinner,0,1,0,0,1,0,0,0,0,0,0,0,0,0,0,0,gcsantiago,8.0,5a13652a9251416e00000194
305,The Good Place,0,0,1,0,0,0,0,0,0,0,0,0,1,0,0,0,CharlesTheBold,7.617940199335548,58a635b5c3a3681675001c40
306,The Good Place,0,0,1,0,0,0,0,0,0,0,0,0,1,0,0,0,Sweatpants,7.0,59d5cf7a9251417f6e00a33b
307,The Good Place,0,0,1,0,0,0,0,0,0,0,0,0,1,0,0,0,rsanek,5.0,5f7543bb156cc700364c9e77
308,Schitt's Creek,0,0,1,0,0,0,0,0,0,0,0,0,0,0,0,0,rsanek,2.0,5f7c8f9c021cee00373b7c24
309,The Orville,0,1,1,0,0,0,0,0,0,0,0,0,1,0,0,0,Chrisman28,7.0,59b7fb50c3a36813d3000438
310,The Orville,0,1,1,0,0,0,0,0,0,0,0,0,1,0,0,0,larz9,4.0,59c9ddcc9251412414003cb8
311,The Orville,0,1,1,0,0,0,0,0,0,0,0,0,1,0,0,0,YouShouldKnow,7.0,5ce311449251412ce1be1a9c
312,Agries Melisses,0,1,0,0,0,0,0,0,0,0,0,0,0,0,0,0,lstamellos,2.0,606a1ff40c3ec800409ab5e9
313,The Haunting of Hill House,0,1,0,0,0,0,1,0,0,0,0,0,0,0,0,0,Kewl_Kat,8.0,5bce80090e0a266242003202
314,The Haunting of Hill House,0,1,0,0,0,0,1,0,0,0,0,0,0,0,0,0,ausher8,8.0,5bd4e078c3a36820ec02446b
315,The Haunting of Hill House,0,1,0,0,0,0,1,0,0,0,0,0,0,0,0,0,Ditendra,4.0,5d63e768bc8abc3e27251953
316,"Ed, Edd n Eddy",1,0,1,0,0,0,0,0,0,0,0,0,0,0,0,0,Peter89Spencer,9.0,5f2bc669fab3fa0033fd7819
317,Atypical,0,1,1,0,0,0,0,0,0,0,0,0,0,0,0,0,narrator56,10.0,60839292a06645002bce5d03
318,3Below: Tales of Arcadia,1,0,1,0,0,0,0,1,0,0,0,0,1,0,0,0,Peter89Spencer,8.0,5e5d21f155c92600155398aa
319,The Alienist,0,1,0,0,1,0,1,0,0,0,0,0,0,0,0,0,adrainsmith,7.617940199335548,5a2f70bb0e0a264cd0170bee
320,The Alienist,0,1,0,0,1,0,1,0,0,0,0,0,0,0,0,0,Otokichi786,6.0,5a8a6bb6c3a3686339077c08
321,The Alienist,0,1,0,0,1,0,1,0,0,0,0,0,0,0,0,0,moviefan39,9.0,5f22d66adf857c0036e28972
322,Given,1,1,0,0,0,0,0,0,0,0,0,0,0,0,0,0,andromega,7.617940199335548,5fbb8ace8d22fc003e7d242b
323,StartUp,0,1,0,0,1,0,0,0,0,0,0,0,0,0,0,0,Dan_Tebasco,4.0,58fa0ab892514158ae00b794
324,Falling Skies,0,0,0,0,0,0,0,0,1,0,0,0,1,0,0,0,Helsi,5.0,5ca3acebc3a3682b271197b5
325,Roswell,0,1,0,0,0,0,0,0,0,0,0,0,1,0,0,0,Peter89Spencer,8.0,5ef32225907f26003785a92e
326,Bodyguard,0,1,0,0,1,0,0,0,0,0,0,0,0,0,0,1,Splinter,7.617940199335548,5bd4bce20e0a2622dd01fced
327,The Exorcist,0,1,0,0,0,0,1,0,0,0,0,0,0,0,0,0,Ditendra,6.0,5d63e3c6bc8abc53252525fc
328,The OA,0,1,0,0,0,0,1,0,0,0,0,0,1,0,0,0,Abro,8.0,5ad4433fc3a3685c5400f976
329,The OA,0,1,0,0,0,0,1,0,0,0,0,0,1,0,0,0,Ditendra,10.0,5d63b5ca6dea3a5cfe943178
330,The OA,0,1,0,0,0,0,1,0,0,0,0,0,1,0,0,0,Ditendra,10.0,5d63e5876dea3a5cfe946774
331,Marvel's The Defenders,0,0,0,0,1,0,0,0,1,0,0,0,1,0,0,0,Peter89Spencer,9.0,5e8069eda4f03c0012b6a516
332,Green Acres,0,0,1,0,0,0,0,0,0,0,0,0,0,0,0,0,safeinsanity,10.0,58d6f14dc3a368126f0415ba
333,The Mist,0,1,0,0,0,0,0,0,0,0,0,0,1,0,0,0,RoidDroidVoid,3.0,5974f1a3c3a3685e0101acd4
334,A Million Little Things,0,1,0,0,0,0,0,0,0,0,0,0,0,0,0,0,YouShouldKnow,7.0,5c3c7f11c3a368694e3cd791
335,The Librarians,0,0,0,0,0,0,0,0,1,0,0,0,0,0,0,0,sammystarbuck,8.0,5e238523397df000169c06d1
336,Hanna,0,1,0,0,0,0,0,0,1,0,0,0,0,0,0,0,MovieGuys,7.617940199335548,5ca12a049251415578059640
337,What We Do in the Shadows,0,0,1,0,0,0,0,0,0,0,0,0,0,0,0,0,MovieGuys,7.617940199335548,5caa6db9925141146700ab2a
338,Tales from the Crypt,0,0,1,0,1,0,1,0,0,0,0,0,1,0,0,0,SteveMcQueen36,10.0,59135cdd9251414ead055d3b
339,Tales from the Crypt,0,0,1,0,1,0,1,0,0,0,0,0,1,0,0,0,KDawg39,8.0,5ef89ecad6d64d0036c5d8c2
340,Preacher,0,1,0,0,0,0,1,0,0,0,0,0,1,0,0,0,Rangan,7.617940199335548,5a77280592514105a304654f
341,Unbreakable Kimmy Schmidt,0,0,1,0,0,0,0,0,0,0,0,0,0,0,0,0,Peter89Spencer,8.0,5fabb6c141a5610041a3ab83
342,Mike & Molly,0,0,1,0,0,0,0,0,0,0,0,0,0,0,0,0,narrator56,7.617940199335548,5f48211e8cfcc7003447bc68
343,The King: Eternal Monarch,0,1,0,0,0,0,0,0,0,0,0,0,1,0,0,0,YourOnlyOne,9.0,6019189ea0664500413ac138
344,The Terror,0,1,0,0,0,0,1,0,0,0,0,0,1,0,0,0,narrator56,7.0,5f5d46fb63d9370038b6cee6
345,Killing Eve,0,1,0,0,1,0,0,0,0,0,0,0,0,0,0,0,Bazzjazz,6.0,5af2c62c925141064f009e4a
346,Killing Eve,0,1,0,0,1,0,0,0,0,0,0,0,0,0,0,0,offscreenbabble,10.0,5b10a9740e0a26307100f790
347,Killing Eve,0,1,0,0,1,0,0,0,0,0,0,0,0,0,0,0,Thespear,7.617940199335548,5f4876702da8460033432a21
348,The Order,0,1,0,0,0,0,1,0,0,0,0,0,1,0,0,0,Peter89Spencer,7.0,5f9867566c1e040039de975c
349,Continuum,0,1,0,0,0,0,0,0,1,0,0,0,1,0,0,0,Aldaryon,10.0,58d813c6c3a3681267053635
350,Continuum,0,1,0,0,0,0,0,0,1,0,0,0,1,0,0,0,AKJETJ,6.0,5965fef4c3a368253c107216
351,Dash & Lily,0,1,1,0,0,0,0,0,0,0,0,0,0,0,0,0,Peter89Spencer,7.0,5fe4647d1d6c5f0044db604e
352,Truth Seekers,0,0,1,0,0,0,0,0,0,0,0,0,0,0,0,0,wiccaburr,9.0,5fa721a934e152003f78bcea
353,Perry Mason,0,1,0,0,1,0,1,0,0,0,0,0,0,0,0,0,chrisd8930,9.0,5f333ae6ef8b320039123c12
354,Good Omens,0,1,1,0,0,0,0,0,0,0,0,0,1,0,0,0,r96sk,3.0,5fc3deef63536a003f26a33a
355,The Dragon Prince,1,0,0,0,0,0,0,1,1,0,0,0,1,0,0,0,JoelArhin,7.617940199335548,5f2c4aa8a14bef003830d28a
356,Tour of Duty,0,1,0,0,0,0,0,0,1,0,0,0,0,0,0,1,sammystarbuck,7.0,5e3349fa98f1f10012010bac
357,Tour of Duty,0,1,0,0,0,0,0,0,1,0,0,0,0,0,0,1,tmdbnaggers,7.617940199335548,5e860ac00c3ec800155ae5a3
358,Big Little Lies,0,1,0,0,0,0,0,0,0,0,0,0,0,0,0,0,Rangan,9.0,597e0fb7c3a3685451019c59
359,The Ranch,0,0,1,0,0,0,0,1,0,0,0,0,0,0,0,0,Peter89Spencer,9.0,5e4fd067a93d2500134630ef
360,Just Shoot Me!,0,0,1,0,0,0,0,0,0,0,0,0,0,0,0,0,fcsuper,10.0,593cca8892514105e2017238
361,Beelzebub,1,1,1,0,0,0,0,0,0,0,0,0,0,0,0,0,TheBlah,9.0,5e6d5325459ad6001364a855
362,Hell's Kitchen,0,0,0,0,0,0,0,0,0,0,0,1,0,0,0,0,deemether,7.617940199335548,598d108cc3a3687524003edf
363,Castle Rock,0,1,0,0,0,0,1,0,0,0,0,0,0,0,0,0,Ditendra,4.0,5d63e7a17f6c8d6d93ec5af7
364,Castle Rock,0,1,0,0,0,0,1,0,0,0,0,0,0,0,0,0,hfel,7.0,5ddf1075c51acd0011f2364c
365,Baby Daddy,0,0,1,0,0,0,0,0,0,0,0,0,0,0,0,0,Peter89Spencer,8.0,5e5e3974357c0000192d8da2
366,Space: Above and Beyond,0,1,0,0,0,0,0,0,1,0,0,0,1,0,0,0,kkaldroma,7.617940199335548,5ccf0acb0e0a262fbb065416
367,Alexa & Katie,0,0,1,0,0,0,0,0,0,0,0,0,0,0,0,0,Peter89Spencer,8.0,5e6a289acabfe400180f8efa
368,The Society,0,1,0,0,0,0,0,0,0,0,0,0,1,0,0,0,JDP185,8.0,5e067514223a8b0018acd9de
369,The Society,0,1,0,0,0,0,0,0,0,0,0,0,1,0,0,0,Peter89Spencer,3.0,5f44d31ecee4810035a5a4ff
370,Knightfall,0,1,0,0,0,0,0,0,1,0,0,0,0,0,0,0,Ditendra,10.0,5e1f037666751d0011bf5d94
371,The Outsider,0,1,0,0,1,0,1,0,0,0,0,0,0,0,0,0,Kewl_Kat,5.0,5e66a0a68d52c9001d3f9200
372,The Ren & Stimpy Show,1,0,1,0,0,0,0,0,0,0,0,0,1,0,0,0,Star Lord,8.0,58c104909251417327004598
373,The Ren & Stimpy Show,1,0,1,0,0,0,0,0,0,0,0,0,1,0,0,0,danny700,7.617940199335548,590a8b6b9251414fbe009e72
374,NYPD Blue,0,1,0,0,0,0,0,0,0,0,0,0,0,0,0,0,Bazzjazz,10.0,5acfe928c3a36842ca00354c
375,The Kelly Clarkson Show,0,0,0,0,0,0,0,0,0,0,0,0,0,0,1,0,doggy30,9.0,5d836ac8162bc30227de9dd8
